City_ID,City,Country,Date,Lat,Lng,Max Temp,Humidity,Cloudiness,Wind Speed
0,Butaritari,KI,2020-05-07 20:42:28,3.07,172.79,83.17,78,100,9.62
1,Lebu,CL,2020-05-07 20:42:29,-37.62,-73.65,59.86,76,100,9.26
2,Nanortalik,GL,2020-05-07 20:42:29,60.14,-45.24,40.78,79,85,1.05
3,Sinnamary,GF,2020-05-07 20:42:29,5.38,-52.95,79.52,81,78,10.36
4,Kaitangata,NZ,2020-05-07 20:42:29,-46.28,169.85,52.0,69,56,8.01
5,Georgetown,MY,2020-05-07 20:42:30,5.41,100.34,80.6,100,20,1.12
6,Carballo,ES,2020-05-07 20:42:30,43.21,-8.69,57.99,91,63,3.0
7,Chokurdakh,RU,2020-05-07 20:42:30,70.63,147.92,27.43,96,98,7.78
8,Bluff,NZ,2020-05-07 20:42:31,-46.6,168.33,51.01,76,88,14.03
9,Dicabisagan,PH,2020-05-07 20:42:31,17.08,122.42,79.05,80,12,1.99
10,Norman Wells,CA,2020-05-07 20:42:05,65.28,-126.83,39.2,60,20,11.41
11,Baghmara,IN,2020-05-07 20:42:32,23.8,86.21,83.98,55,0,6.2
12,Sitio Novo Do Tocantins,BR,2020-05-07 20:42:32,-5.52,-47.46,80.11,83,100,1.23
13,San Cristobal,VE,2020-05-07 20:42:32,7.77,-72.22,98.6,30,20,23.04
14,Ribeira Grande,PT,2020-05-07 20:42:32,38.52,-28.7,64.4,88,40,18.34
15,Kamaishi,JP,2020-05-07 20:42:33,39.27,141.88,48.31,72,3,6.6
16,Rikitea,PF,2020-05-07 20:42:33,-23.12,-134.97,74.86,75,16,15.01
17,Sao Filipe,CV,2020-05-07 20:42:33,14.9,-24.5,73.92,79,36,8.84
18,Puerto Ayora,EC,2020-05-07 20:42:34,-0.74,-90.35,86.0,66,20,11.41
19,Grand Gaube,MU,2020-05-07 20:42:34,-20.01,57.66,73.99,90,100,5.01
20,San Andres Del Rabanedo,ES,2020-05-07 20:42:34,42.61,-5.62,64.4,59,24,5.82
21,Vaini,TO,2020-05-07 20:42:35,-21.2,-175.2,78.8,88,75,6.93
22,Lata,PT,2020-05-07 20:42:35,40.16,-8.33,62.6,82,75,6.93
23,Kroya,ID,2020-05-07 20:42:35,-7.63,109.25,77.43,91,76,3.44
24,Tasiilaq,GL,2020-05-07 20:42:35,65.61,-37.64,39.2,41,9,14.99
25,Avarua,CK,2020-05-07 20:42:36,-21.21,-159.78,80.6,83,15,3.36
26,Saint-Philippe,RE,2020-05-07 20:42:36,-21.36,55.77,75.2,73,99,5.82
27,Punta Arenas,CL,2020-05-07 20:42:36,-53.15,-70.92,46.4,93,90,5.82
28,Aitape,PG,2020-05-07 20:42:37,-3.14,142.35,78.98,84,61,5.88
29,Chuy,UY,2020-05-07 20:42:37,-33.7,-53.46,56.98,65,99,5.46
30,Santa Cruz Del Norte,CU,2020-05-07 20:42:37,23.15,-81.92,84.2,54,20,13.87
31,Albany,US,2020-05-07 20:41:14,42.6,-73.97,64.99,26,58,3.0
32,Morden,CA,2020-05-07 20:42:38,49.19,-98.1,48.2,23,1,17.22
33,Kruisfontein,ZA,2020-05-07 20:42:38,-34.0,24.73,62.67,57,93,4.36
34,Mataura,NZ,2020-05-07 20:42:38,-46.19,168.86,49.57,87,90,4.94
35,Petropavlovsk-Kamchatskiy,RU,2020-05-07 20:42:39,53.05,158.65,35.6,64,50,6.71
36,Ponta Do Sol,PT,2020-05-07 20:42:39,32.67,-17.1,66.2,72,20,2.24
37,New Norfolk,AU,2020-05-07 20:42:39,-42.78,147.06,52.0,82,70,1.01
38,Barrow,US,2020-05-07 20:42:39,71.29,-156.79,8.6,92,90,14.99
39,Aklavik,CA,2020-05-07 20:42:05,68.22,-135.01,30.2,68,5,8.05
40,Walvis Bay,NA,2020-05-07 20:42:40,-22.96,14.51,82.4,18,0,13.87
41,Kodiak,US,2020-05-07 20:42:40,57.79,-152.41,44.6,81,90,35.57
42,George,ZA,2020-05-07 20:42:40,-33.96,22.46,59.0,100,90,9.17
43,Bambous Virieux,MU,2020-05-07 20:42:41,-20.34,57.76,73.99,94,40,4.7
44,Port Alfred,ZA,2020-05-07 20:42:41,-33.59,26.89,63.0,94,100,1.01
45,Praya,CV,2020-05-07 20:38:40,14.92,-23.51,75.2,69,75,18.34
46,Arraial Do Cabo,BR,2020-05-07 20:42:42,-22.97,-42.03,68.0,82,75,8.05
47,Veraval,IN,2020-05-07 20:42:42,20.9,70.37,80.56,86,0,8.93
48,Santa Maria,BR,2020-05-07 20:41:40,-29.68,-53.81,62.6,51,20,2.24
49,Qaanaaq,GL,2020-05-07 20:42:43,77.48,-69.36,16.9,89,100,1.19
50,Cape Town,ZA,2020-05-07 20:38:18,-33.93,18.42,64.0,93,20,14.99
51,Angoche,MZ,2020-05-07 20:42:44,-16.23,39.91,74.61,77,40,9.91
52,Atuona,PF,2020-05-07 20:42:44,-9.8,-139.03,80.94,76,60,20.02
53,Nikolskoye,RU,2020-05-07 20:42:44,59.7,30.79,42.8,70,0,6.71
54,Carnarvon,AU,2020-05-07 20:42:45,-24.87,113.63,62.02,63,0,22.91
55,Tiruchchendur,IN,2020-05-07 20:42:45,8.48,78.12,85.17,77,100,13.56
56,Jamestown,US,2020-05-07 20:42:45,42.1,-79.24,55.4,37,40,26.4
57,San Quintin,MX,2020-05-07 20:42:46,30.48,-115.95,74.97,46,22,7.49
58,Dingle,PH,2020-05-07 20:42:46,11.0,122.67,78.98,88,7,5.44
59,Codrington,AU,2020-05-07 20:42:46,-38.27,141.97,50.9,94,2,10.13
60,Maniitsoq,GL,2020-05-07 20:42:46,65.42,-52.9,39.25,71,22,3.65
61,Hobart,AU,2020-05-07 20:40:10,-42.88,147.33,55.0,76,69,6.93
62,Arman,RU,2020-05-07 20:42:47,59.7,150.17,35.08,81,59,5.77
63,General Roca,AR,2020-05-07 20:42:47,-39.03,-67.58,69.8,37,100,3.36
64,Boulder,US,2020-05-07 20:39:54,40.08,-105.35,73.99,10,1,16.11
65,Hilo,US,2020-05-07 20:42:48,19.73,-155.09,80.6,61,1,8.05
66,Ushuaia,AR,2020-05-07 20:42:48,-54.8,-68.3,44.6,81,75,5.82
67,Hermanus,ZA,2020-05-07 20:42:48,-34.42,19.23,59.0,94,99,1.01
68,Zemio,CF,2020-05-07 20:42:48,5.03,25.14,72.05,95,100,2.66
69,Dunedin,NZ,2020-05-07 20:39:52,-45.87,170.5,53.01,88,97,3.0
70,Busselton,AU,2020-05-07 20:42:49,-33.65,115.33,50.0,98,35,10.98
71,Atar,MR,2020-05-07 20:42:49,20.52,-13.05,93.45,11,0,10.83
72,Fortuna,US,2020-05-07 20:42:50,40.6,-124.16,66.0,59,1,14.99
73,Akaltara,IN,2020-05-07 20:42:50,22.02,82.43,83.32,22,0,1.03
74,Mosquera,CO,2020-05-07 20:42:50,4.71,-74.23,66.2,52,40,11.41
75,Alpena,US,2020-05-07 20:42:50,45.06,-83.43,48.2,34,75,21.92
76,Zaraza,VE,2020-05-07 20:42:51,9.35,-65.32,95.63,39,93,7.65
77,Longyearbyen,SJ,2020-05-07 20:42:51,78.22,15.64,30.2,68,75,3.36
78,Tuktoyaktuk,CA,2020-05-07 20:42:51,69.45,-133.04,15.8,92,90,12.75
79,Batagay,RU,2020-05-07 20:42:51,67.63,134.63,22.41,95,100,6.91
80,Luderitz,NA,2020-05-07 20:42:52,-26.65,15.16,57.2,87,45,12.75
81,Saskylakh,RU,2020-05-07 20:42:52,71.92,114.08,1.33,93,94,6.17
82,Taoudenni,ML,2020-05-07 20:42:52,22.68,-3.98,101.75,13,79,10.71
83,East London,ZA,2020-05-07 20:42:53,-33.02,27.91,66.81,77,100,11.95
84,Pevek,RU,2020-05-07 20:42:53,69.7,170.31,27.05,91,4,6.46
85,Vestmannaeyjar,IS,2020-05-07 20:42:53,63.44,-20.27,45.32,75,26,19.01
86,Clyde River,CA,2020-05-07 20:42:54,70.47,-68.59,19.4,73,5,5.82
87,Tarnalelesz,HU,2020-05-07 20:42:54,48.05,20.18,44.29,78,7,0.49
88,Springbok,ZA,2020-05-07 20:42:54,-29.66,17.89,62.83,28,99,2.08
89,Xuanhua,CN,2020-05-07 20:42:55,40.61,115.04,58.06,71,100,3.65
90,Port Elizabeth,ZA,2020-05-07 20:40:53,-33.92,25.57,60.8,93,100,3.36
91,Temerloh,MY,2020-05-07 20:42:55,3.45,102.42,75.74,97,100,1.5
92,Tiznit,MA,2020-05-07 20:42:55,29.58,-9.5,62.17,79,41,5.39
93,Nuuk,GL,2020-05-07 20:39:41,64.18,-51.72,44.6,70,20,11.41
94,Cidreira,BR,2020-05-07 20:42:56,-30.18,-50.21,59.36,81,71,9.86
95,Funadhoo,MV,2020-05-07 20:42:56,6.15,73.27,82.02,78,100,10.13
96,Batagay-Alyta,RU,2020-05-07 20:42:57,67.8,130.41,16.63,95,100,11.16
97,Buchanan,LR,2020-05-07 20:42:57,5.88,-10.05,81.23,83,88,4.7
98,Kapaa,US,2020-05-07 20:40:44,22.08,-159.32,77.0,69,75,18.34
99,Kondoa,TZ,2020-05-07 20:42:57,-4.9,35.78,59.52,97,96,3.29
100,Narsaq,GL,2020-05-07 20:42:58,60.92,-46.05,50.0,57,75,6.93
101,Havre-Saint-Pierre,CA,2020-05-07 20:42:58,50.23,-63.6,39.2,60,90,13.87
102,Curup,ID,2020-05-07 20:42:58,-3.47,102.53,70.14,93,100,0.89
103,Buala,SB,2020-05-07 20:42:59,-8.14,159.59,82.44,75,29,2.35
104,Voka,EE,2020-05-07 20:42:59,59.4,27.58,41.59,79,0,12.93
105,Umm Lajj,SA,2020-05-07 20:42:59,25.02,37.27,77.05,51,0,7.81
106,Kamenka,RU,2020-05-07 20:43:00,51.32,42.77,60.01,90,94,5.01
107,Santa Barbara,US,2020-05-07 20:40:48,34.42,-119.7,91.0,26,1,13.87
108,Thompson,CA,2020-05-07 20:42:04,55.74,-97.86,30.2,63,75,9.17
109,Hamilton,US,2020-05-07 20:41:37,39.18,-84.53,69.01,34,75,13.87
110,Leningradskiy,RU,2020-05-07 20:43:01,69.38,178.42,27.46,89,0,3.0
111,Yellowknife,CA,2020-05-07 20:40:41,62.46,-114.35,46.4,70,90,14.99
112,Tomatlan,MX,2020-05-07 20:43:01,19.93,-105.25,90.73,43,0,8.32
113,Okha,RU,2020-05-07 20:43:01,53.57,142.95,37.2,78,1,9.98
114,Beringovskiy,RU,2020-05-07 20:43:02,63.05,179.32,31.21,98,100,11.1
115,Ust-Kuyga,RU,2020-05-07 20:43:02,70.02,135.6,18.19,95,99,8.7
116,Tiszalok,HU,2020-05-07 20:43:02,48.02,21.38,53.6,50,84,9.17
117,Ashland,US,2020-05-07 20:43:03,40.82,-82.27,64.4,27,75,20.8
118,Natal,BR,2020-05-07 20:43:03,-5.79,-35.21,82.4,78,20,9.17
119,Olafsvik,IS,2020-05-07 20:43:03,64.89,-23.71,42.57,75,77,5.68
120,Ketchikan,US,2020-05-07 20:38:31,55.34,-131.65,55.4,37,1,13.87
121,Khatanga,RU,2020-05-07 20:43:04,71.97,102.5,2.66,92,0,10.78
122,Vila Velha,BR,2020-05-07 20:38:20,-20.33,-40.29,68.0,88,90,8.05
123,Mar Del Plata,AR,2020-05-07 20:38:36,-38.0,-57.56,61.0,59,59,10.29
124,Lompoc,US,2020-05-07 20:43:05,34.64,-120.46,80.01,55,1,14.99
125,Hami,CN,2020-05-07 20:39:03,42.8,93.45,53.4,35,0,7.07
126,Saint George,US,2020-05-07 20:43:06,37.1,-113.58,84.0,14,1,3.36
127,Akyab,MM,2020-05-07 20:43:06,20.15,92.9,80.46,67,0,11.48
128,Daru,PG,2020-05-07 20:43:06,-9.08,143.21,79.03,80,100,14.5
129,Poum,NC,2020-05-07 20:43:06,-20.23,164.02,74.93,74,0,22.06
130,Miracema Do Tocantins,BR,2020-05-07 20:43:07,-9.56,-48.4,77.63,87,97,3.8
131,Ormara,PK,2020-05-07 20:43:07,25.21,64.64,81.75,85,53,12.71
132,Bredasdorp,ZA,2020-05-07 20:39:15,-34.53,20.04,62.6,88,100,2.24
133,Ikalamavony,MG,2020-05-07 20:43:07,-21.15,46.58,63.05,64,6,3.67
134,Dikson,RU,2020-05-07 20:43:08,73.51,80.55,12.69,93,100,9.84
135,Strezhevoy,RU,2020-05-07 20:43:08,60.73,77.59,50.0,57,19,8.95
136,Jiquinlaca,HN,2020-05-07 20:43:08,14.0,-88.35,91.4,59,92,2.59
137,Naron,ES,2020-05-07 20:43:09,43.52,-8.15,57.99,100,90,8.05
138,Nyurba,RU,2020-05-07 20:43:09,63.28,118.33,25.02,89,99,12.82
139,Sitka,US,2020-05-07 20:43:09,57.05,-135.33,55.4,43,40,10.29
140,Gimbi,ET,2020-05-07 20:43:10,9.17,35.83,60.55,99,91,2.15
141,North Bend,US,2020-05-07 20:43:10,43.41,-124.22,75.0,59,1,19.46
142,Naze,JP,2020-05-07 20:43:10,28.37,129.48,68.0,72,40,13.87
143,Kurumkan,RU,2020-05-07 20:43:10,54.3,110.3,38.34,77,60,3.98
144,Xuddur,SO,2020-05-07 20:43:11,4.12,43.89,76.91,79,100,11.63
145,Kavieng,PG,2020-05-07 20:43:11,-2.57,150.8,82.85,73,0,6.58
146,Paamiut,GL,2020-05-07 20:43:11,61.99,-49.67,38.75,79,59,4.68
147,Victoria,HK,2020-05-07 20:40:07,22.29,114.16,82.99,86,98,1.99
148,Constitucion,CL,2020-05-07 20:43:12,-35.33,-72.42,64.56,46,93,5.5
149,Geraldton,AU,2020-05-07 20:43:12,-28.77,114.6,53.6,93,40,10.29
150,Khovu-Aksy,RU,2020-05-07 20:43:12,51.13,93.6,37.63,79,7,4.21
151,Port Pirie,AU,2020-05-07 20:43:13,-33.18,138.02,51.8,87,0,9.17
152,Olinda,BR,2020-05-07 20:40:37,-8.01,-34.86,84.2,70,75,5.82
153,Urucui,BR,2020-05-07 20:43:13,-7.23,-44.56,82.24,69,100,3.62
154,Ipixuna,BR,2020-05-07 20:43:13,-1.76,-48.8,78.8,88,75,2.24
155,Lavrentiya,RU,2020-05-07 20:43:14,65.58,-171.0,27.55,96,33,1.81
156,Bengkulu,ID,2020-05-07 20:43:14,-3.8,102.27,77.29,88,99,6.67
157,Tevriz,RU,2020-05-07 20:43:15,57.51,72.4,56.7,56,0,3.53
158,Shwebo,MM,2020-05-07 20:43:15,22.57,95.7,82.47,35,0,6.85
159,Mount Isa,AU,2020-05-07 20:43:15,-20.73,139.5,57.2,71,53,3.36
160,Guarapari,BR,2020-05-07 20:40:36,-20.67,-40.5,68.0,88,90,8.05
161,Faanui,PF,2020-05-07 20:43:16,-16.48,-151.75,81.72,74,29,14.03
162,Lazaro Cardenas,MX,2020-05-07 20:43:16,17.96,-102.2,86.27,50,0,11.45
163,Sur,OM,2020-05-07 20:43:17,22.57,59.53,91.04,39,14,5.44
164,Maloy,NO,2020-05-07 20:43:17,61.94,5.11,46.4,81,75,16.11
165,Oranjestad,AW,2020-05-07 20:43:18,12.52,-70.03,87.8,70,75,24.16
166,Wanning,CN,2020-05-07 20:43:18,18.8,110.4,79.38,91,81,11.25
167,Ostrovnoy,RU,2020-05-07 20:43:18,68.05,39.51,33.64,93,45,14.76
168,Torbay,CA,2020-05-07 20:43:18,47.67,-52.73,50.0,65,75,6.93
169,Henties Bay,NA,2020-05-07 20:43:19,-22.12,14.28,79.0,28,0,7.56
170,Lorengau,PG,2020-05-07 20:43:19,-2.02,147.27,81.18,79,9,2.06
171,Iqaluit,CA,2020-05-07 20:43:19,63.75,-68.51,30.2,58,40,16.11
172,Pisco,PE,2020-05-07 20:38:40,-13.7,-76.22,71.6,73,100,8.05
173,Ankazoabo,MG,2020-05-07 20:43:20,-22.28,44.52,64.36,75,0,10.96
174,Laguna,US,2020-05-07 20:43:20,38.42,-121.42,87.8,12,1,11.41
175,Vung Tau,VN,2020-05-07 20:43:21,10.35,107.08,83.73,78,100,6.96
176,Saint-Pierre,RE,2020-05-07 20:43:21,-21.34,55.48,75.2,73,100,5.82
177,Dabou,CI,2020-05-07 20:43:21,5.33,-4.38,84.2,83,20,8.05
178,Podyuga,RU,2020-05-07 20:43:22,61.09,40.86,40.89,94,100,4.68
179,Gizo,SB,2020-05-07 20:43:22,-8.1,156.84,82.49,76,80,5.61
180,Ewa Beach,US,2020-05-07 20:40:58,21.32,-158.01,80.6,54,40,8.05
181,Wattegama,LK,2020-05-07 20:43:23,6.8,81.48,76.62,91,100,3.06
182,Aswan,EG,2020-05-07 20:43:23,24.09,32.91,78.64,17,0,10.09
183,Bandarbeyla,SO,2020-05-07 20:43:23,9.49,50.81,83.23,72,0,8.55
184,Burgeo,CA,2020-05-07 20:43:24,47.62,-57.62,35.58,85,100,2.77
185,Guerrero Negro,MX,2020-05-07 20:43:24,27.98,-114.06,82.51,30,0,14.34
186,Berlevag,NO,2020-05-07 20:43:24,70.86,29.09,35.6,89,75,10.29
187,Kloulklubed,PW,2020-05-07 20:43:25,7.04,134.26,77.0,94,90,6.93
188,Santo Tomas,PH,2020-05-07 20:43:25,14.11,121.14,86.0,77,81,7.0
189,Adrar,MR,2020-05-07 20:43:25,20.5,-10.07,96.1,15,89,10.02
190,Balkhash,KZ,2020-05-07 20:43:25,46.84,74.98,59.38,41,55,23.8
191,Trairi,BR,2020-05-07 20:40:56,-3.28,-39.27,79.66,79,2,8.48
192,El Alto,PE,2020-05-07 20:43:26,-4.27,-81.21,75.99,66,11,15.19
193,Hannibal,US,2020-05-07 20:43:26,39.71,-91.36,68.0,28,75,8.05
194,Bam,IR,2020-05-07 20:43:27,29.11,58.36,82.69,15,0,12.5
195,Jacqueville,CI,2020-05-07 20:43:27,5.21,-4.41,84.2,83,20,8.05
196,Inta,RU,2020-05-07 20:43:27,66.03,60.17,52.05,87,100,14.79
197,Asau,RO,2020-05-07 20:43:28,46.43,26.4,46.0,74,85,4.38
198,Verkhoyansk,RU,2020-05-07 20:43:28,67.54,133.38,22.03,95,100,8.68
199,Solnechnyy,RU,2020-05-07 20:43:28,50.72,136.63,53.38,43,100,7.16
200,Miandrivazo,MG,2020-05-07 20:43:28,-19.52,45.47,73.47,72,83,1.97
201,Smithers,CA,2020-05-07 20:43:29,54.78,-127.17,57.2,33,20,9.17
202,Middletown,US,2020-05-07 20:41:24,39.52,-84.4,66.99,34,90,19.46
203,Mahibadhoo,MV,2020-05-07 20:43:29,3.78,72.97,84.47,74,0,12.12
204,Provideniya,RU,2020-05-07 20:43:29,64.38,-173.3,37.13,71,16,9.66
205,Airai,TL,2020-05-07 20:43:30,-8.93,125.41,55.65,85,5,2.95
206,Fonte Boa,BR,2020-05-07 20:43:30,-2.5,-66.27,83.3,78,66,4.38
207,Bilibino,RU,2020-05-07 20:43:31,68.05,166.44,25.29,89,0,2.86
208,San Jeronimo,PE,2020-05-07 20:43:31,-11.95,-75.28,55.13,65,100,8.59
209,Karatau,KZ,2020-05-07 20:43:31,43.17,70.47,57.67,50,100,1.86
210,Usinsk,RU,2020-05-07 20:43:32,65.99,57.53,53.01,92,100,20.56
211,Hithadhoo,MV,2020-05-07 20:43:32,-0.6,73.08,84.51,78,5,14.76
212,Xingyi,CN,2020-05-07 20:43:32,24.19,102.82,61.2,66,3,4.36
213,Bhongir,IN,2020-05-07 20:43:33,17.51,78.89,82.4,78,75,5.82
214,Cabedelo,BR,2020-05-07 20:43:33,-6.98,-34.83,82.4,78,20,9.17
215,Maldonado,UY,2020-05-07 20:39:26,-34.67,-54.92,59.0,62,75,8.05
216,Broken Hill,AU,2020-05-07 20:43:34,-31.95,141.43,53.6,58,0,4.27
217,Santa Fe,AR,2020-05-07 20:43:34,-31.63,-60.7,66.99,39,0,3.0
218,Broome,US,2020-05-07 20:43:35,42.25,-75.83,55.99,30,90,6.93
219,Isla Mujeres,MX,2020-05-07 20:43:35,21.23,-86.73,86.0,58,75,11.41
220,Laramie,US,2020-05-07 20:43:35,41.31,-105.59,48.2,18,40,40.26
221,Fort Smith,US,2020-05-07 20:40:00,35.39,-94.4,69.8,49,75,4.7
222,Kharabali,RU,2020-05-07 20:43:36,47.42,47.26,61.05,86,100,14.29
223,Noumea,NC,2020-05-07 20:43:36,-22.28,166.46,73.0,88,75,13.87
224,Tiksi,RU,2020-05-07 20:43:37,71.69,128.87,10.22,96,100,10.42
225,Necochea,AR,2020-05-07 20:43:37,-38.55,-58.74,59.0,60,42,4.0
226,San Policarpo,PH,2020-05-07 20:43:37,12.18,125.51,81.81,85,90,10.38
227,Kankon,IN,2020-05-07 20:43:37,15.02,74.02,79.43,86,82,3.56
228,Luganville,VU,2020-05-07 20:43:38,-15.53,167.17,69.8,88,20,2.24
229,Haines Junction,CA,2020-05-07 20:43:38,60.75,-137.51,49.59,48,68,6.24
230,Sakskobing,DK,2020-05-07 20:43:38,54.8,11.63,51.01,1,100,4.0
231,Evensk,RU,2020-05-07 20:43:39,61.95,159.23,33.03,89,89,11.7
232,Rapid Valley,US,2020-05-07 20:43:39,44.06,-103.15,51.8,53,20,25.28
233,Timizart,DZ,2020-05-07 20:43:39,36.8,4.27,67.03,61,100,8.97
234,Grenfell,AU,2020-05-07 20:43:39,-33.9,148.17,52.47,86,0,9.13
235,Phimai,TH,2020-05-07 20:43:40,15.22,102.49,83.28,78,100,5.91
236,Turan,VN,2020-05-07 20:40:22,16.07,108.22,78.8,94,20,3.36
237,Igarka,RU,2020-05-07 20:43:40,67.47,86.58,29.12,99,100,5.26
238,San Patricio,MX,2020-05-07 20:43:41,19.22,-104.7,82.4,78,40,7.27
239,Shakawe,BW,2020-05-07 20:43:41,-18.37,21.85,61.18,39,0,5.01
240,Progreso,MX,2020-05-07 20:43:41,21.28,-89.67,93.2,36,75,11.41
241,Meadow Lake,US,2020-05-07 20:43:42,34.8,-106.54,90.0,6,40,13.87
242,Coolum Beach,AU,2020-05-07 20:43:42,-26.53,153.1,64.99,96,54,1.01
243,Udachnyy,RU,2020-05-07 20:43:42,66.42,112.4,12.2,72,91,8.95
244,Turkistan,KZ,2020-05-07 20:43:43,43.0,68.0,70.61,36,99,12.3
245,Tupaciguara,BR,2020-05-07 20:43:43,-18.59,-48.7,69.8,64,40,5.82
246,Kandrian,PG,2020-05-07 20:43:43,-6.22,149.55,78.19,87,90,4.29
247,The Pas,CA,2020-05-07 20:43:43,53.83,-101.25,42.8,20,20,5.82
248,Yining,CN,2020-05-07 20:43:44,29.04,114.56,73.45,92,4,2.04
249,Neiafu,TO,2020-05-07 20:43:44,-18.65,-173.98,80.6,88,75,6.93
250,Zawiercie,PL,2020-05-07 20:41:14,50.49,19.42,46.0,75,0,6.93
251,Bucerias,MX,2020-05-07 20:43:45,20.75,-105.33,84.2,70,40,11.41
252,Chicama,PE,2020-05-07 20:43:45,-7.84,-79.15,71.6,83,64,11.41
253,Chama,CH,2020-05-07 20:43:45,47.18,8.46,60.8,67,73,3.58
254,Miyako,JP,2020-05-07 20:43:46,39.64,141.95,47.71,64,0,4.32
255,Yarim,YE,2020-05-07 20:43:47,14.3,44.38,59.14,83,76,1.72
256,Verkhnyaya Inta,RU,2020-05-07 20:43:47,65.98,60.31,52.18,86,100,13.11
257,Qinhuangdao,CN,2020-05-07 20:43:47,39.93,119.59,54.45,94,100,3.29
258,Marzuq,YE,2020-05-07 20:43:48,14.4,46.47,75.51,56,55,4.63
259,Tyup,KG,2020-05-07 20:43:48,42.73,78.36,48.69,47,81,2.21
260,Abu Dhabi,AE,2020-05-07 20:40:09,24.47,54.37,86.0,58,36,4.7
261,Biltine,TD,2020-05-07 20:43:48,14.53,20.92,87.93,17,29,9.22
262,Ahipara,NZ,2020-05-07 20:43:49,-35.17,173.17,61.27,79,38,6.91
263,Viedma,AR,2020-05-07 20:43:49,-40.81,-63.0,62.46,40,62,9.44
264,Bhainsdehi,IN,2020-05-07 20:43:49,21.65,77.63,80.28,17,0,0.69
265,Sangueya,GN,2020-05-07 20:43:50,10.7,-14.37,80.55,75,5,4.47
266,Pak Phanang,TH,2020-05-07 20:43:50,8.35,100.2,81.59,79,65,5.82
267,Flinders,AU,2020-05-07 20:43:50,-34.58,150.86,63.0,82,0,1.99
268,Kirakira,SB,2020-05-07 20:43:51,-10.45,161.92,80.08,82,37,6.87
269,Souillac,MU,2020-05-07 20:43:51,-20.52,57.52,73.4,94,40,4.7
270,Touros,BR,2020-05-07 20:43:51,-5.2,-35.46,82.4,78,20,9.17
271,Umm Kaddadah,SD,2020-05-07 20:43:51,13.6,26.69,84.4,14,41,16.8
272,Kavaratti,IN,2020-05-07 20:43:52,10.57,72.64,85.64,70,46,7.83
273,Santa Cruz De Tenerife,ES,2020-05-07 20:43:52,28.47,-16.25,64.99,87,75,20.8
274,Skelleftea,SE,2020-05-07 20:43:52,64.75,20.95,37.4,47,94,6.93
275,Khani,GE,2020-05-07 20:43:52,41.96,42.96,53.6,93,40,3.36
276,Okhotsk,RU,2020-05-07 20:43:53,59.38,143.3,35.96,78,60,3.89
277,Aasiaat,GL,2020-05-07 20:43:53,68.71,-52.87,28.8,92,0,5.37
278,Caluquembe,AO,2020-05-07 20:43:53,-13.78,14.68,56.77,69,0,2.68
279,Coquimbo,CL,2020-05-07 20:43:54,-29.95,-71.34,60.8,77,40,5.82
280,Tateyama,JP,2020-05-07 20:43:54,34.98,139.87,55.4,50,20,9.17
281,Ambunti,PG,2020-05-07 20:43:54,-4.24,142.84,74.64,98,93,0.69
282,Vila Franca Do Campo,PT,2020-05-07 20:43:55,37.72,-25.43,62.6,88,40,14.99
283,Castro,BR,2020-05-07 20:43:55,-24.79,-50.01,52.97,71,0,3.96
284,Haicheng,CN,2020-05-07 20:43:55,40.85,122.75,56.86,71,100,4.54
285,Ucluelet,CA,2020-05-07 20:43:06,48.93,-125.55,60.8,59,20,9.17
286,Upernavik,GL,2020-05-07 20:43:56,72.79,-56.15,20.07,91,34,9.08
287,Manhush,UA,2020-05-07 20:43:56,47.06,37.31,53.01,100,99,5.01
288,Fairbanks,US,2020-05-07 20:40:50,64.84,-147.72,66.0,36,1,6.93
289,La Ferte-Bernard,FR,2020-05-07 20:43:57,48.19,0.65,64.4,52,96,5.82
290,Shetpe,KZ,2020-05-07 20:41:05,44.17,52.12,62.78,78,100,3.2
291,Isangel,VU,2020-05-07 20:43:58,-19.55,169.27,69.8,100,75,13.87
292,Golspie,GB,2020-05-07 20:43:58,57.97,-3.98,51.01,88,99,0.98
293,Durban,ZA,2020-05-07 20:39:33,-29.86,31.03,64.99,88,75,4.59
294,Sistranda,NO,2020-05-07 20:43:59,63.73,8.83,42.8,81,75,6.93
295,Alofi,NU,2020-05-07 20:39:42,-19.06,-169.92,80.6,88,75,6.93
296,Sibut,CF,2020-05-07 20:44:00,5.72,19.07,74.35,91,60,1.95
297,Canete,CL,2020-05-07 20:44:00,-37.8,-73.4,63.81,64,100,3.74
298,Guspini,IT,2020-05-07 20:44:00,39.54,8.63,66.2,82,20,4.7
299,Shimoda,JP,2020-05-07 20:44:01,34.67,138.95,58.37,67,99,4.99
300,Esperance,AU,2020-05-07 20:44:01,-33.87,121.9,55.4,87,90,19.46
301,Acapulco,MX,2020-05-07 20:44:01,16.86,-99.89,87.8,62,75,5.82
302,Valparaiso,CL,2020-05-07 20:44:02,-33.04,-71.63,59.0,100,90,4.7
303,Cap Malheureux,MU,2020-05-07 20:44:02,-19.98,57.61,73.99,90,100,5.01
304,Brigantine,US,2020-05-07 20:44:03,39.41,-74.36,68.0,22,1,12.75
305,Saint-Georges,GD,2020-05-07 20:44:03,12.06,-61.75,86.0,74,20,18.34
306,Marihatag,PH,2020-05-07 20:44:03,8.79,126.3,78.93,86,100,3.09
307,Tsumeb,NA,2020-05-07 20:44:03,-19.23,17.72,61.34,33,0,9.04
308,Oskarshamn,SE,2020-05-07 20:44:04,57.26,16.45,44.01,88,14,6.71
309,Port Hardy,CA,2020-05-07 20:44:04,50.7,-127.42,51.8,71,40,4.7
310,Kiunga,PG,2020-05-07 20:44:04,-6.12,141.29,73.4,98,100,1.74
311,Palauig,PH,2020-05-07 20:44:04,15.44,119.9,83.62,74,65,3.09
312,Baruun-Urt,MN,2020-05-07 20:44:05,46.68,113.28,40.82,64,93,1.66
313,Bonfim,BR,2020-05-07 20:44:05,3.08,-59.95,75.22,95,100,6.4
314,Baherden,TM,2020-05-07 20:44:06,38.44,57.43,74.07,40,32,3.31
315,Del Carmen,PH,2020-05-07 20:44:06,9.87,125.97,81.79,82,86,7.0
316,Salalah,OM,2020-05-07 20:44:06,17.02,54.09,82.4,88,20,6.93
317,Boshnyakovo,RU,2020-05-07 20:44:07,49.63,142.17,43.21,64,39,5.35
318,Betare Oya,CM,2020-05-07 20:44:07,5.6,14.08,71.71,90,99,0.45
319,Nouakchott,MR,2020-05-07 20:44:07,18.09,-15.98,71.6,78,0,19.46
320,San Juan,AR,2020-05-07 20:44:07,-31.54,-68.54,70.11,26,0,6.73
321,Marshall,US,2020-05-07 20:44:08,34.38,-86.33,66.99,31,40,5.82
322,Kaeo,NZ,2020-05-07 20:44:08,-35.1,173.78,55.0,8,13,1.99
323,Bethel,US,2020-05-07 20:44:08,41.37,-73.41,64.0,20,1,9.17
324,Yulara,AU,2020-05-07 20:44:08,-25.24,130.99,51.8,50,0,5.82
325,Phanom Thuan,TH,2020-05-07 20:44:09,14.13,99.7,83.7,72,53,3.04
326,Port Macquarie,AU,2020-05-07 20:44:09,-31.43,152.92,53.01,96,0,5.32
327,Avera,US,2020-05-07 20:42:20,33.19,-82.53,69.8,31,1,9.17
328,Barra Patuca,HN,2020-05-07 20:44:09,15.8,-84.28,85.78,68,67,11.14
329,Mahebourg,MU,2020-05-07 20:44:10,-20.41,57.7,73.4,94,40,4.7
330,Shellbrook,CA,2020-05-07 20:44:10,53.22,-106.4,59.0,18,75,5.82
331,Ust-Tsilma,RU,2020-05-07 20:44:10,65.44,52.15,53.6,91,99,8.19
332,Dongsheng,CN,2020-05-07 20:44:11,39.82,109.98,54.16,69,97,20.0
333,Karakol,KG,2020-05-07 20:44:11,42.49,78.39,48.04,50,78,4.99
334,Lockport,US,2020-05-07 20:44:11,41.59,-88.06,66.99,39,40,13.87
335,Ugoofaaru,MV,2020-05-07 20:44:12,5.67,73.0,83.43,75,100,12.44
336,Severo-Kurilsk,RU,2020-05-07 20:44:12,50.68,156.12,34.34,88,99,14.76
337,Chara,RU,2020-05-07 20:44:12,56.91,118.26,31.55,86,0,2.1
338,Kimbe,PG,2020-05-07 20:44:13,-5.55,150.14,77.74,87,13,3.15
339,Anloga,GH,2020-05-07 20:44:13,5.79,0.9,84.2,83,40,11.41
340,Payson,US,2020-05-07 20:40:39,40.04,-111.73,59.0,18,1,10.29
341,Lircay,PE,2020-05-07 20:44:13,-12.99,-74.72,52.84,66,100,2.73
342,Caravelas,BR,2020-05-07 20:44:14,-17.71,-39.25,73.98,90,63,15.84
343,Samarai,PG,2020-05-07 20:44:14,-10.62,150.67,79.29,79,54,17.69
344,Puerto Del Rosario,ES,2020-05-07 20:44:14,28.5,-13.86,69.8,64,20,14.99
345,Hay River,CA,2020-05-07 20:43:39,60.82,-115.8,46.4,65,20,12.75
346,Opuwo,NA,2020-05-07 20:44:15,-18.06,13.84,63.75,29,0,8.34
347,Kholodnyy,RU,2020-05-07 20:44:15,62.72,147.95,23.76,89,0,0.87
348,Honiara,SB,2020-05-07 20:42:57,-9.43,159.95,77.0,88,75,2.24
349,Ambilobe,MG,2020-05-07 20:44:15,-13.2,49.05,72.84,87,0,3.8
350,Diu,IN,2020-05-07 20:44:15,20.71,70.98,78.87,89,0,12.12
351,Ulaangom,MN,2020-05-07 20:44:16,49.98,92.07,47.53,54,100,5.73
352,Cockburn Town,TC,2020-05-07 20:44:16,21.46,-71.14,84.2,74,40,6.93
353,Srednekolymsk,RU,2020-05-07 20:44:16,67.45,153.68,31.03,97,93,8.05
354,Manado,ID,2020-05-07 20:44:16,1.49,124.85,77.0,94,20,1.12
355,Kahului,US,2020-05-07 20:44:16,20.89,-156.47,80.6,61,40,12.75
356,Turayf,SA,2020-05-07 20:44:16,31.67,38.66,64.4,26,0,6.93
357,Katsuura,JP,2020-05-07 20:44:17,35.13,140.3,55.4,50,20,9.17
358,Lagoa,PT,2020-05-07 20:44:17,39.05,-27.98,62.26,83,31,18.95
359,Ilulissat,GL,2020-05-07 20:44:17,69.22,-51.1,30.2,63,5,13.87
360,Praia Da Vitoria,PT,2020-05-07 20:44:18,38.73,-27.07,66.2,72,90,8.46
361,Mago,RU,2020-05-07 20:44:18,53.25,140.18,45.28,58,76,2.55
362,Gonen,TR,2020-05-07 20:44:18,40.1,27.65,46.4,87,0,2.24
363,Beaverlodge,CA,2020-05-07 20:40:05,55.22,-119.44,46.4,100,90,9.17
364,Voznesenye,RU,2020-05-07 20:44:19,61.01,35.48,42.17,89,100,7.0
365,Kattivakkam,IN,2020-05-07 20:44:20,13.22,80.32,86.0,79,40,3.36
366,Lyantonde,UG,2020-05-07 20:44:20,-0.4,31.16,63.75,94,89,2.57
367,Hot Springs,US,2020-05-07 20:41:46,34.5,-93.06,70.0,43,1,8.05
368,Bilma,NE,2020-05-07 20:44:21,18.69,12.92,84.85,13,0,5.77
369,Floro,NO,2020-05-07 20:44:22,61.6,5.03,46.4,81,75,16.11
370,Quatre Cocos,MU,2020-05-07 20:44:22,-20.21,57.76,73.99,94,40,4.7
371,Yar-Sale,RU,2020-05-07 20:44:22,66.83,70.83,37.65,99,100,9.51
372,Grindavik,IS,2020-05-07 20:44:23,63.84,-22.43,42.8,93,75,8.05
373,Sabang,ID,2020-05-07 20:44:23,5.89,95.32,79.9,91,100,24.02
374,Hazorasp,UZ,2020-05-07 20:44:23,41.32,61.07,62.6,88,75,4.7
375,Santarem,BR,2020-05-07 20:44:24,-2.44,-54.71,78.8,83,40,4.7
376,Lapi,PH,2020-05-07 20:44:24,17.72,121.9,76.28,85,6,1.77
377,Barry,GB,2020-05-07 20:44:19,51.41,-3.27,60.8,67,84,3.36
378,Lasa,IT,2020-05-07 20:44:24,46.62,10.7,50.0,61,5,1.77
379,Visby,SE,2020-05-07 20:44:25,57.64,18.3,44.01,80,9,8.05
380,Zabol,AF,2020-05-07 20:44:25,32.25,67.25,63.79,31,0,1.74
381,Barmer,IN,2020-05-07 20:44:25,25.75,71.38,85.46,46,98,12.82
382,Moron,AR,2020-05-07 20:43:34,-34.65,-58.62,64.99,100,76,6.02
383,Fukue,JP,2020-05-07 20:44:26,32.69,128.84,65.93,70,81,15.68
384,Ende,ID,2020-05-07 20:44:26,-8.84,121.66,78.78,84,30,3.87
385,Tubuala,PA,2020-05-07 20:44:26,9.52,-79.03,90.0,74,75,6.93
386,Poperinge,BE,2020-05-07 20:44:26,50.85,2.69,57.99,62,100,2.57
387,Springdale,US,2020-05-07 20:44:27,36.19,-94.13,66.2,52,75,9.17
388,Staraya Poltavka,RU,2020-05-07 20:44:27,50.48,46.48,56.77,95,100,0.47
389,Hualmay,PE,2020-05-07 20:44:27,-11.1,-77.61,72.18,71,98,8.57
390,Manacapuru,BR,2020-05-07 20:44:28,-3.3,-60.62,80.6,83,40,4.7
391,Fuengirola,ES,2020-05-07 20:44:28,36.54,-4.62,69.01,60,0,6.29
392,Yabrud,SY,2020-05-07 20:44:28,33.97,36.66,60.8,67,0,11.41
393,Goderich,CA,2020-05-07 20:44:29,43.75,-81.72,46.0,71,40,11.74
394,Sokoni,TZ,2020-05-07 20:44:29,-6.43,39.55,82.4,78,75,10.29
395,Cienfuegos,CU,2020-05-07 20:44:29,22.15,-80.44,95.0,34,90,9.17
396,Faya,SA,2020-05-07 20:44:30,18.39,42.45,71.6,77,20,0.94
397,Stornoway,GB,2020-05-07 20:44:30,58.21,-6.39,52.0,76,93,2.24
398,Lindi,TZ,2020-05-07 20:44:30,-10.0,39.72,75.2,94,20,11.41
399,Livny,RU,2020-05-07 20:44:31,52.43,37.61,47.86,77,23,5.79
400,Khandyga,RU,2020-05-07 20:44:31,62.67,135.6,37.94,76,100,6.04
401,Mayo,US,2020-05-07 20:44:31,38.89,-76.51,66.99,40,1,5.82
402,Rawson,AR,2020-05-07 20:44:32,-43.3,-65.1,68.25,42,68,8.21
403,Xai-Xai,MZ,2020-05-07 20:44:32,-25.05,33.64,68.31,76,5,6.04
404,Georgiyevskoye,RU,2020-05-07 20:44:33,58.73,45.02,55.17,96,100,8.23
405,Sao Joao Da Barra,BR,2020-05-07 20:44:33,-21.64,-41.05,69.8,83,75,11.41
406,Kalinovskoye,RU,2020-05-07 20:44:33,44.86,42.96,52.32,91,100,4.45
407,Kholm,RU,2020-05-07 20:44:33,59.27,32.85,38.97,73,100,4.94
408,Livingston,GB,2020-05-07 20:44:34,55.9,-3.52,59.0,62,20,6.93
409,Gotsu,JP,2020-05-07 20:44:34,35.0,132.22,55.45,51,100,9.57
410,Cayenne,GF,2020-05-07 20:41:56,4.93,-52.33,78.8,94,90,3.36
411,Berlin,DE,2020-05-07 20:43:02,52.52,13.41,55.0,71,31,2.24
412,Cuervos,MX,2020-05-07 20:44:35,32.63,-114.86,102.2,7,1,5.82
413,Klaksvik,FO,2020-05-07 20:44:35,62.23,-6.59,44.6,65,50,10.29
414,Beaupre,CA,2020-05-07 20:44:35,47.04,-70.9,60.01,26,43,5.01
415,Nichinan,JP,2020-05-07 20:44:36,31.6,131.37,60.01,55,44,5.01
416,Bouna,CI,2020-05-07 20:44:36,9.27,-3.0,79.11,81,74,7.99
417,Ipilan,PH,2020-05-07 20:44:36,8.84,117.9,81.14,74,0,2.57
418,Romilly-Sur-Seine,FR,2020-05-07 20:44:37,48.51,3.73,57.0,76,100,3.36
419,Svetlogorsk,BY,2020-05-07 20:44:37,52.63,29.73,41.04,81,17,10.25
420,Coahuayana,MX,2020-05-07 20:44:37,18.73,-103.68,89.6,43,75,11.41
421,Vardo,NO,2020-05-07 20:44:38,70.37,31.11,35.6,82,75,13.87
422,Pankrushikha,RU,2020-05-07 20:44:38,53.83,80.34,52.75,83,0,5.01
423,Scarborough,GB,2020-05-07 20:44:38,54.28,-0.4,55.0,72,5,8.16
424,Shahreza,IR,2020-05-07 20:44:39,32.03,51.88,59.09,33,0,4.25
425,Terrace,CA,2020-05-07 20:40:33,54.52,-128.6,57.2,44,40,4.7
426,Bluefields,NI,2020-05-07 20:44:39,12.01,-83.76,85.26,67,80,11.21
427,Zhicheng,CN,2020-05-07 20:44:40,30.3,111.5,64.0,98,98,3.78
428,Damaturu,NG,2020-05-07 20:44:40,11.75,11.96,87.93,20,9,7.43
429,Pechenga,RU,2020-05-07 20:44:40,69.53,31.17,35.6,92,75,35.57
430,Alexandria,EG,2020-05-07 20:44:11,31.22,29.96,69.8,56,0,4.7
431,Kharovsk,RU,2020-05-07 20:44:41,59.96,40.19,44.2,96,100,5.86
432,Baykit,RU,2020-05-07 20:44:41,61.67,96.37,33.31,92,7,3.29
433,Port Hawkesbury,CA,2020-05-07 20:42:16,45.62,-61.35,35.01,97,90,8.05
434,Susanville,US,2020-05-07 20:44:36,40.42,-120.65,71.01,11,1,10.29
435,Northam,GB,2020-05-07 20:44:42,51.03,-4.22,55.99,88,71,1.01
436,Ngaoundere,CM,2020-05-07 20:44:43,7.32,13.58,67.86,91,42,3.06
437,Yaan,NG,2020-05-07 20:44:43,7.38,8.57,82.83,73,63,9.37
438,Leshukonskoye,RU,2020-05-07 20:44:43,64.9,45.76,36.3,96,100,3.4
439,Maryborough,AU,2020-05-07 20:44:43,-25.53,152.7,62.76,90,56,3.31
440,Grand-Santi,GF,2020-05-07 20:44:44,4.25,-54.38,76.01,96,95,2.04
441,Dakar,SN,2020-05-07 20:42:06,14.69,-17.44,71.6,88,0,16.11
442,Banjar,ID,2020-05-07 20:44:44,-8.19,114.97,80.6,100,40,5.82
443,Znamenka,RU,2020-05-07 20:44:45,52.42,41.43,56.62,82,100,4.85
444,Tiarei,PF,2020-05-07 20:44:45,-17.53,-149.33,86.0,66,1,9.17
445,Havelock,US,2020-05-07 20:44:45,34.88,-76.9,68.0,34,1,14.99
446,Mayahi,NE,2020-05-07 20:44:45,13.96,7.67,85.82,13,0,6.53
447,Nantucket,US,2020-05-07 20:44:46,41.28,-70.1,55.99,66,1,16.11
448,Trincomalee,LK,2020-05-07 20:44:46,8.57,81.23,81.05,80,100,9.82
449,San Andres,CO,2020-05-07 20:44:46,12.58,-81.7,86.0,70,40,16.11
450,Paducah,US,2020-05-07 20:39:56,37.08,-88.6,70.0,30,1,6.93
451,Hasaki,JP,2020-05-07 20:44:47,35.73,140.83,46.4,100,75,3.36
452,Chapais,CA,2020-05-07 20:44:47,49.78,-74.85,33.8,55,90,9.17
453,Sioux Lookout,CA,2020-05-07 20:44:47,50.1,-91.92,33.8,40,75,17.22
454,Saint-Augustin,CA,2020-05-07 20:44:47,51.23,-58.65,34.27,95,100,4.32
455,Aketi,CD,2020-05-07 20:44:48,2.74,23.78,71.96,89,100,0.92
456,Kuito,AO,2020-05-07 20:44:48,-12.38,16.93,57.16,68,0,3.18
457,Sarangani,PH,2020-05-07 20:44:48,5.4,125.46,83.43,77,1,8.99
458,Palana,RU,2020-05-07 20:44:48,59.12,159.97,28.99,99,95,8.16
459,Kimle,HU,2020-05-07 20:44:49,47.82,17.37,53.6,50,0,5.82
460,Cotonou,BJ,2020-05-07 20:43:33,6.37,2.42,84.2,83,40,11.41
461,Den Helder,NL,2020-05-07 20:43:42,52.96,4.76,52.0,71,75,2.24
462,Huarmey,PE,2020-05-07 20:44:49,-10.07,-78.15,74.5,68,66,9.91
463,Santa Rosa,PH,2020-05-07 20:44:50,14.31,121.11,86.0,71,81,1.01
464,Rocha,UY,2020-05-07 20:42:26,-34.48,-54.33,55.35,65,99,5.1
465,Ancud,CL,2020-05-07 20:44:50,-41.87,-73.82,62.6,72,100,8.05
466,Lincolnton,US,2020-05-07 20:44:51,35.47,-81.25,68.0,22,1,9.17
467,Plettenberg Bay,ZA,2020-05-07 20:44:51,-34.05,23.37,67.26,51,100,3.89
468,Krasnovishersk,RU,2020-05-07 20:44:52,60.41,57.08,55.06,69,100,6.87
469,Palaikastron,GR,2020-05-07 20:44:52,35.2,26.25,64.0,73,86,8.99
470,El Tigre,VE,2020-05-07 20:44:52,8.89,-64.25,89.13,47,100,13.85
471,Hobyo,SO,2020-05-07 20:44:53,5.35,48.53,84.56,74,3,10.13
472,Elizabeth City,US,2020-05-07 20:39:57,36.29,-76.25,66.99,34,20,9.17
473,Healesville,AU,2020-05-07 20:44:53,-37.65,145.52,55.0,72,0,3.0
474,Mporokoso,ZM,2020-05-07 20:44:54,-9.37,30.12,62.4,82,0,8.57
475,Elat,IL,2020-05-07 20:44:33,29.56,34.95,77.0,23,1,13.87
476,Turukhansk,RU,2020-05-07 20:44:54,65.82,87.98,33.1,94,100,4.56
477,Bambanglipuro,ID,2020-05-07 20:44:55,-7.95,110.28,76.91,91,77,4.85
478,Kotido,UG,2020-05-07 20:44:55,2.98,34.13,70.48,79,68,6.04
479,Uthal,PK,2020-05-07 20:44:55,25.81,66.62,80.46,71,34,5.93
480,Chapleau,CA,2020-05-07 20:44:55,47.84,-83.4,26.6,73,75,12.75
481,Toucheng,TW,2020-05-07 20:44:56,24.86,121.82,77.0,88,40,3.36
482,Rio Gallegos,AR,2020-05-07 20:44:56,-51.62,-69.22,50.0,81,75,12.75
483,Sakakah,SA,2020-05-07 20:44:56,29.97,40.21,75.2,22,0,4.7
484,Sorland,NO,2020-05-07 20:44:56,67.67,12.69,32.0,82,40,7.02
485,Sawakin,SD,2020-05-07 20:44:57,19.11,37.33,78.37,65,99,8.43
486,Khasan,RU,2020-05-07 20:44:57,42.43,130.64,48.65,73,15,2.08
487,Casper,US,2020-05-07 20:44:57,42.87,-106.31,51.8,29,75,25.28
488,Tayga,RU,2020-05-07 20:44:58,56.06,85.62,42.01,100,28,2.39
489,Comodoro Rivadavia,AR,2020-05-07 20:42:28,-45.87,-67.5,71.6,49,100,14.99
490,Charters Towers,AU,2020-05-07 20:44:58,-20.1,146.27,60.4,91,90,6.98
491,Yuncheng,CN,2020-05-07 20:44:58,35.02,110.99,61.05,93,100,3.38
492,Fort Nelson,CA,2020-05-07 20:44:59,58.81,-122.7,62.6,36,40,8.05
493,Hervey Bay,AU,2020-05-07 20:44:59,-25.3,152.85,61.0,93,35,8.05
494,College,US,2020-05-07 20:44:59,64.86,-147.8,66.0,36,20,3.36
495,Cherskiy,RU,2020-05-07 20:44:59,68.75,161.3,32.34,92,6,1.81
496,Puerto Quijarro,BO,2020-05-07 20:45:00,-17.78,-57.77,68.2,51,46,5.41
497,Puerto Escondido,MX,2020-05-07 20:45:00,15.85,-97.07,86.0,70,40,8.05
498,Brasileia,BR,2020-05-07 20:45:00,-11.02,-68.75,65.53,65,100,5.01
499,Lianzhou,CN,2020-05-07 20:45:01,24.78,112.38,76.73,88,24,4.05
500,Aracati,BR,2020-05-07 20:45:01,-4.56,-37.77,80.6,76,10,6.4
501,Miraflores,MX,2020-05-07 20:45:01,19.22,-98.81,73.4,40,90,5.82
502,Milkovo,RU,2020-05-07 20:45:02,54.72,158.62,33.37,85,0,2.59
503,Hidalgo,MX,2020-05-07 20:45:02,20.5,-99.0,71.28,53,65,11.39
504,Svetlyy,RU,2020-05-07 20:45:02,54.67,20.13,46.4,87,0,8.95
505,Komsomolskiy,UZ,2020-05-07 20:45:02,40.43,71.72,68.0,42,100,6.93
506,Atambua,ID,2020-05-07 20:45:03,-9.11,124.89,70.09,90,9,4.99
507,Cairns,AU,2020-05-07 20:41:47,-16.92,145.77,71.6,83,75,10.29
508,Saquarema,BR,2020-05-07 20:45:03,-22.92,-42.51,68.0,83,75,4.7
509,Camden,US,2020-05-07 20:42:07,39.78,-74.97,68.0,31,0,3.0
510,Lakatoro,VU,2020-05-07 20:45:04,-16.1,167.42,69.8,88,20,2.24
511,Bogovarovo,RU,2020-05-07 20:45:04,58.98,47.02,54.27,87,100,7.38
512,Bosaso,SO,2020-05-07 20:45:05,11.28,49.18,88.3,63,74,2.66
513,Saldanha,ZA,2020-05-07 20:45:05,-33.01,17.94,59.0,87,100,4.7
514,Bonthe,SL,2020-05-07 20:45:05,7.53,-12.51,80.2,88,78,3.6
515,Sao Miguel Do Araguaia,BR,2020-05-07 20:45:06,-13.28,-50.16,75.69,83,85,6.08
516,Namibe,AO,2020-05-07 20:45:06,-15.2,12.15,81.72,50,0,6.93
517,Marawi,PH,2020-05-07 20:45:06,8.0,124.29,78.01,85,11,5.99
518,Tortoli,IT,2020-05-07 20:45:07,39.93,9.66,60.8,93,40,5.82
519,San Joaquin,VE,2020-05-07 20:45:07,10.26,-67.79,86.85,56,100,1.59
520,Shingu,JP,2020-05-07 20:45:07,33.73,135.98,55.62,79,89,4.38
521,Santa Cruz,BO,2020-05-07 20:42:46,-17.8,-63.17,73.4,35,100,11.41
522,Helong,CN,2020-05-07 20:45:08,42.54,129.0,51.4,58,81,5.12
523,Te Anau,NZ,2020-05-07 20:45:08,-45.42,167.72,52.7,86,92,4.18
524,Champerico,GT,2020-05-07 20:45:09,14.3,-91.92,95.0,59,75,20.8
525,Xining,CN,2020-05-07 20:45:09,36.62,101.77,40.87,85,100,5.77
526,Vostok,RU,2020-05-07 20:45:09,46.49,135.88,46.04,56,100,4.88
527,Tezu,IN,2020-05-07 20:45:09,27.92,96.17,69.78,55,0,4.85
528,Thinadhoo,MV,2020-05-07 20:45:10,0.53,72.93,84.6,78,56,14.92
529,Talnakh,RU,2020-05-07 20:45:10,69.49,88.4,28.4,79,40,4.47
530,Chanasma,IN,2020-05-07 20:45:10,23.72,72.12,81.63,55,1,6.49
531,Lafayette,US,2020-05-07 20:45:10,30.23,-92.07,80.01,41,1,7.27
532,Piney Green,US,2020-05-07 20:45:11,34.72,-77.32,69.01,36,1,14.99
533,Karratha,AU,2020-05-07 20:45:11,-20.74,116.85,71.6,81,71,4.52
534,Lusambo,CD,2020-05-07 20:45:11,-4.97,23.45,73.63,84,8,2.1
535,Ust-Maya,RU,2020-05-07 20:45:11,60.42,134.53,42.8,82,100,12.12
536,Mount Gambier,AU,2020-05-07 20:44:44,-37.83,140.77,51.8,93,75,9.17
537,Port Blair,IN,2020-05-07 20:45:12,11.67,92.75,83.34,82,100,6.49
538,Mufumbwe,ZM,2020-05-07 20:45:12,-13.68,24.8,62.82,53,89,5.88
539,Matay,EG,2020-05-07 20:45:12,28.42,30.78,74.25,20,0,7.61
540,Deputatskiy,RU,2020-05-07 20:45:13,69.3,139.9,23.13,99,100,8.72
541,Belyy Yar,RU,2020-05-07 20:45:13,53.6,91.39,42.8,70,0,8.95
542,Nador,MA,2020-05-07 20:45:13,35.17,-2.93,68.0,77,90,6.93
543,Nosy Varika,MG,2020-05-07 20:45:14,-20.58,48.53,72.23,91,86,4.16
544,Nanma,CN,2020-05-07 20:45:14,36.18,118.16,57.99,98,100,1.99
545,Copala,MX,2020-05-07 20:45:14,16.65,-98.98,89.87,42,83,8.3
546,Koslan,RU,2020-05-07 20:45:15,63.46,48.9,52.92,92,61,8.68
547,Saint-Joseph,RE,2020-05-07 20:45:15,-21.37,55.62,75.2,73,100,5.82
548,Suna,RU,2020-05-07 20:45:15,57.83,50.06,57.36,89,100,6.91
549,Palmerston,AU,2020-05-07 20:45:16,-12.49,130.98,75.99,88,20,3.36
550,Suwannaphum,TH,2020-05-07 20:45:16,15.6,103.8,90.0,56,100,7.34
551,Bhairab Bazar,BD,2020-05-07 20:43:12,24.07,90.97,73.4,83,75,3.91
552,Ocampo,MX,2020-05-07 20:45:16,21.65,-101.5,70.83,37,61,3.02
553,Kaoma,ZM,2020-05-07 20:45:17,-14.78,24.8,60.06,56,23,6.02
554,Shancheng,CN,2020-05-07 20:45:17,34.8,116.08,66.99,86,100,10.8
555,Alugan,PH,2020-05-07 20:45:17,12.22,125.48,81.23,86,91,9.55
556,Talcahuano,CL,2020-05-07 20:45:18,-36.72,-73.12,66.2,63,100,8.05
557,Christchurch,NZ,2020-05-07 20:41:13,-43.53,172.63,46.99,86,13,4.7
558,Derbent,RU,2020-05-07 20:45:18,42.07,48.29,58.08,90,100,2.39
559,Belaya Gora,RU,2020-05-07 20:45:18,68.53,146.42,26.55,96,73,8.66
560,Hurghada,EG,2020-05-07 20:42:00,27.26,33.81,76.19,26,0,9.66
561,Namatanai,PG,2020-05-07 20:45:19,-3.67,152.43,81.0,75,0,4.29
562,Marystown,CA,2020-05-07 20:45:19,47.17,-55.15,39.0,75,80,0.13
563,Gat,IL,2020-05-07 20:45:20,31.61,34.76,66.99,67,0,3.56
564,Waddan,LY,2020-05-07 20:45:20,29.16,16.14,76.96,33,0,11.45
565,Yubileynyy,RU,2020-05-07 20:45:20,58.78,57.78,53.01,35,100,5.1
566,Kitob,UZ,2020-05-07 20:45:21,39.08,66.83,68.56,39,71,5.19
567,Shenkursk,RU,2020-05-07 20:45:21,62.11,42.9,41.97,94,99,4.12
568,Merauke,ID,2020-05-07 20:45:21,-8.47,140.33,78.12,82,100,12.17
569,Bubaque,GW,2020-05-07 20:45:21,11.28,-15.83,78.46,77,5,20.22
570,Asfi,MA,2020-05-07 20:45:22,32.3,-9.24,64.76,86,0,8.41
571,Los Llanos De Aridane,ES,2020-05-07 20:45:22,28.66,-17.92,68.0,72,20,9.17
572,Karaton,ID,2020-05-07 20:45:22,-6.34,106.1,80.6,94,20,2.24
573,Honningsvag,NO,2020-05-07 20:40:56,70.98,25.97,37.4,86,75,12.75
